{"cameraMode":{"drawMode":0,"name":"Shaded","section":"Shading Mode"},"sceneLighting":true,"audioPlay":false,"sceneViewState":{"m_AlwaysRefresh":false,"showFog":true,"showSkybox":true,"showFlares":true,"showImageEffects":true,"showParticleSystems":true,"showVisualEffectGraphs":true,"m_FxEnabled":true},"in2DMode":false,"pivot":{"x":49.666786193847659,"y":5.671955108642578,"z":116.23036193847656},"rotation":{"x":0.10956912487745285,"y":-0.8670989871025086,"z":0.21047216653823853,"w":0.43935075402259829},"size":9.12024974822998,"orthographic":false}